

<feed xmlns="http://www.w3.org/2005/Atom">
  <id>http://localhost:4000/</id>
  <title>Halal Point on Sale</title>
  <subtitle>A minimal, responsive, and powerful Jekyll theme for presenting professional writing.</subtitle>
  <updated>2022-07-27T17:17:51-05:00</updated>
  <author>
    <name>Macalim Dhagoole</name>
    <uri>http://localhost:4000/</uri>
  </author>
  <link rel="self" type="application/atom+xml" href="http://localhost:4000/feed.xml"/>
  <link rel="alternate" type="text/html" hreflang="en"
    href="http://localhost:4000/"/>
  <generator uri="https://jekyllrb.com/" version="4.2.2">Jekyll</generator>
  <rights> © 2022 Macalim Dhagoole </rights>
  <icon>/assets/img/favicons/favicon.ico</icon>
  <logo>/assets/img/favicons/favicon-96x96.png</logo>


  
  <entry>
    <title>All About Contacts</title>
    <link href="http://localhost:4000/posts/contacts/" rel="alternate" type="text/html" title="All About Contacts" />
    <published>2022-07-24T00:00:00-05:00</published>
  
    <updated>2022-07-24T00:00:00-05:00</updated>
  
    <id>http://localhost:4000/posts/contacts/</id>
    <content src="http://localhost:4000/posts/contacts/" />
    <author>
      <name>Macalim Dhagoole</name>
    </author>

  
    
    <category term="Contacts" />
    
  

  
    <summary>
      





      Waxaan halkan si wacan ugu baraneynaa waxa loo yaqaano Contacts oo ah dhamaan shacabka iyo shirkadaha aad la shaqeynayso. Waxaana Contacts ka mid ah:


  Suppliers
  Contacts
  Creditors
  Customer groups
  and more


dadkan waa laf dhabarta ganacsi kasta, oo waa in si fiican u baratid si aad xariiftinimo ahaan ula shaqeyso dadakan la isku yiraahdo Contacts.

    </summary>
  

  </entry>

  
  <entry>
    <title>Lesson 2. All Contacts (Hordhac)</title>
    <link href="http://localhost:4000/posts/contacshorhac/" rel="alternate" type="text/html" title="Lesson 2. All Contacts (Hordhac)" />
    <published>2022-07-23T00:00:00-05:00</published>
  
    <updated>2022-07-23T00:00:00-05:00</updated>
  
    <id>http://localhost:4000/posts/contacshorhac/</id>
    <content src="http://localhost:4000/posts/contacshorhac/" />
    <author>
      <name>Macalim Dhagoole</name>
    </author>

  
    
    <category term="Contacts" />
    
  

  
    <summary>
      





      

Waxaynu lesson 2 ka bilaabeynaa barshada waxa loo yaqaano Contacts. Sida aan ognaheyba business ama ganacsi kasta waxey leeyihiin dad badan oo kala duwan, kuwaas oo isugu jira shaqaale (staff), macaamil (customers), shirkadaha wax laga soo iibsado (vendors ama suppliers), iyo kuwa deynta bixiya (creditor).

Qatbta shaqaalaha weynu soo baraney oo waxaa loo yaqaan users oo aan ku soo baraney sa...
    </summary>
  

  </entry>

  
  <entry>
    <title>Lesson 1. Users (Part 1)</title>
    <link href="http://localhost:4000/posts/lesson1-users/" rel="alternate" type="text/html" title="Lesson 1. Users (Part 1)" />
    <published>2022-07-22T00:00:00-05:00</published>
  
    <updated>2022-07-20T00:37:50-05:00</updated>
  
    <id>http://localhost:4000/posts/lesson1-users/</id>
    <content src="http://localhost:4000/posts/lesson1-users/" />
    <author>
      <name>Macalim Dhagoole</name>
    </author>

  
    
    <category term="User Management" />
    
  

  
    <summary>
      





      Marka aad click siiso User Management ee aad ku aragto dhinaca bidix ee kore, waxa ugu horeeya ee kuu soo baxaya waa USERS. Click sii Users, kadibna waxaa kuu soo bixi shaqaalaha ama staff meesha markii hore ku jirey.

Waxaad ku aragto waxa kamid ah Username, Name, Role iyo Email. Waxaad kaloo ku aragtaa meel oraneysa Action oo ugu danbeeysa. Waxeyna Action, oo ah meesha wax lagu badelo, ukala ...
    </summary>
  

  </entry>

  
  <entry>
    <title>Lesson 1. Adding Users (Part 2)</title>
    <link href="http://localhost:4000/posts/adduser/" rel="alternate" type="text/html" title="Lesson 1. Adding Users (Part 2)" />
    <published>2022-07-21T00:00:00-05:00</published>
  
    <updated>2022-07-21T23:57:32-05:00</updated>
  
    <id>http://localhost:4000/posts/adduser/</id>
    <content src="http://localhost:4000/posts/adduser/" />
    <author>
      <name>Macalim Dhagoole</name>
    </author>

  
    
    <category term="User Management" />
    
  

  
    <summary>
      





      Add User

Waxaan casharkii hore ee Part 1 ku baraney pageka users systemka ku jira iyo qaybaha ay ka kooban tahey. Maanta part 2 waxeynu ku baran sida users systemka loo geliyo (Add User) oo ah wax fudud.

Marka aad click siiso User Management/Users/Add Users waxaa kuu soo bixi sawirka hoos ku yaal, oo qaybaha uu ka kooban yaheyna waxaa ka mid ah:


  
    Prefix oo kala Mr, Mrs, iyo Miss oo ma...
    </summary>
  

  </entry>

  
  <entry>
    <title>Lesson 2. All Suppliers</title>
    <link href="http://localhost:4000/posts/allsuppliers/" rel="alternate" type="text/html" title="Lesson 2. All Suppliers" />
    <published>2022-07-21T00:00:00-05:00</published>
  
    <updated>2022-07-21T00:00:00-05:00</updated>
  
    <id>http://localhost:4000/posts/allsuppliers/</id>
    <content src="http://localhost:4000/posts/allsuppliers/" />
    <author>
      <name>Macalim Dhagoole</name>
    </author>

  
    
    <category term="Contacts" />
    
  

  
    <summary>
      





      Waxaan maanta baraneynaa pageka laga galo suppliers oo ka mid ah qaybta Contacts eed ku aragtaan dhinaca bidix marka aad gashaan systemka.

Suppliers oo mar mar loo yaqaano vendors waa shirkadaha iyo dadka ay ganacsiga jumlad ahaan wax kaga soo gataan.

Ganacsiga sida tooska macaamilka ama customers waxa ka iibiya waxaa loo yaqaan retailor, oo iyagana waxa ka soo iibsada suppliers ama vendors.
...
    </summary>
  

  </entry>

</feed>


