

<feed xmlns="http://www.w3.org/2005/Atom">
  <id>http://localhost:4000/</id>
  <title>Halal Point on Sale</title>
  <subtitle>A minimal, responsive, and powerful Jekyll theme for presenting professional writing.</subtitle>
  <updated>2022-07-17T10:49:29-05:00</updated>
  <author>
    <name>Macalim Dhagoole</name>
    <uri>http://localhost:4000/</uri>
  </author>
  <link rel="self" type="application/atom+xml" href="http://localhost:4000/feed.xml"/>
  <link rel="alternate" type="text/html" hreflang="en"
    href="http://localhost:4000/"/>
  <generator uri="https://jekyllrb.com/" version="4.2.2">Jekyll</generator>
  <rights> © 2022 Macalim Dhagoole </rights>
  <icon>/assets/img/favicons/favicon.ico</icon>
  <logo>/assets/img/favicons/favicon-96x96.png</logo>


  
  <entry>
    <title>User Management</title>
    <link href="http://localhost:4000/posts/users/" rel="alternate" type="text/html" title="User Management" />
    <published>2022-07-17T00:00:00-05:00</published>
  
    <updated>2022-07-17T09:32:16-05:00</updated>
  
    <id>http://localhost:4000/posts/users/</id>
    <content src="http://localhost:4000/posts/users/" />
    <author>
      <name>Macalim Dhagoole</name>
    </author>

  
    
    <category term="User Management" />
    
  

  
    <summary>
      





      Waxaan halkan ku baraneynaa wax kasta oo ku saabsan shaqaalaha ama staff ee supermarket ka shaqeeya. Waxaan baraneyno waxaa ka mid ah:


  Users
  Roles
  Sale agent
  and more


    </summary>
  

  </entry>

  
  <entry>
    <title>Contacts</title>
    <link href="http://localhost:4000/posts/contacts/" rel="alternate" type="text/html" title="Contacts" />
    <published>2022-07-17T00:00:00-05:00</published>
  
    <updated>2022-07-17T10:24:57-05:00</updated>
  
    <id>http://localhost:4000/posts/contacts/</id>
    <content src="http://localhost:4000/posts/contacts/" />
    <author>
      <name>Macalim Dhagoole</name>
    </author>

  
    
    <category term="Contacts" />
    
  

  
    <summary>
      





      Waxaan halkan si wacan ugu baraneynaa waxa loo yaqaano Contacts oo ah dhamaan shacabka iyo shirkadaha aad la shaqeynayso. Waxaana Contacts ka mid ah:


  Customers
  Suppliers
  Creditors
  Customer groups
  and more


    </summary>
  

  </entry>

  
  <entry>
    <title>Products Explained</title>
    <link href="http://localhost:4000/posts/products/" rel="alternate" type="text/html" title="Products Explained" />
    <published>2022-07-17T00:00:00-05:00</published>
  
    <updated>2022-07-17T00:00:00-05:00</updated>
  
    <id>http://localhost:4000/posts/products/</id>
    <content src="http://localhost:4000/posts/products/" />
    <author>
      <name>Macalim Dhagoole</name>
    </author>

  
    
    <category term="Products" />
    
  

  
    <summary>
      





      Waxaan halkan si wacan ugu baraneynaa waxa kasta oo ka mid ah products oo ah dhamaan wax kasta oo ganaacsiga ama businesska ay iibinayso. Waxaana maqaalkan ku baranaeyno waxaa ka mid ah:


  List Products
  Add Product
  Add Variations
  Print Labels
  Import Products
  Import Opening Stock
  Selling Price Group
  Add Units
  Add Categories
  Add Brands.
  Add Warranties


Saada aragtaanba waa ...
    </summary>
  

  </entry>

  
  <entry>
    <title>Welcome to Halal Point on Sale</title>
    <link href="http://localhost:4000/posts/welcome/" rel="alternate" type="text/html" title="Welcome to Halal Point on Sale" />
    <published>2022-07-16T00:00:00-05:00</published>
  
    <updated>2022-07-16T22:48:04-05:00</updated>
  
    <id>http://localhost:4000/posts/welcome/</id>
    <content src="http://localhost:4000/posts/welcome/" />
    <author>
      <name>Macalim Dhagoole</name>
    </author>

  
    
    <category term="Haala" />
    
  

  
    <summary>
      





      I have created this new school site for the employees who work at Halal Supermarket in Jigjiga, Ethiopia.

We will learn everything about point on sale from basics to advanced. So, there will be no more guesses, and you will all be experts at pos as little as in four months.

I will try my best to explain everything about the pos in Somali language. I might also teach you guys the basics of acc...
    </summary>
  

  </entry>

</feed>


